Task Name,Priority,Owner,Custom Status,% Completed,Tags,Work hours,Start Date,Due Date,Milestone Name,Predecessors,Successors
Auto Audit Checklists,None,"Andrew Morgan, Matthew Martin",Closed,100,,05:00,,,Phase 7 - Manager Dashboard Enhancements,,
Log users by device out of app,None,Andrew Morgan,Closed,100,,00:00,,,Phase 7 - Manager Dashboard Enhancements,,
Edit Issue details overlay,None,"Andrew Morgan, Matthew Martin",Closed,100,,03:00,,,Phase 7 - Manager Dashboard Enhancements,,
Edit audit details,None,Andrew Morgan,Closed,100,,03:00,,,Phase 7 - Manager Dashboard Enhancements,,
View submitted checklist details,None,"Andrew Morgan, Paul McAvoy",Closed,100,,01:00,,,Phase 7 - Manager Dashboard Enhancements,,
Risk Assessment: Auto-Populate Control Tasks ,None,"Andrew Morgan, Matthew Martin",Closed,100,,05:00,,,Phase 7 - Manager Dashboard Enhancements,,
CR05 | In-App Checklists,None,"Andrew Morgan, Matthew Martin",Closed,100,"""Change request""",08:00,,,Phase 7 - Manager Dashboard Enhancements,,
Styling update to use the fullscreen overlay,None,Paul McAvoy,Closed,100,,00:00,,,Phase 7 - Manager Dashboard Enhancements,,
Add search filtering for ad hoc checklists,None,Andrew Morgan,Closed,100,,00:00,,,Phase 7 - Manager Dashboard Enhancements,,
CR02 | Location Subscriptions,None,"Andrew Morgan, Matthew Martin",Closed,100,"""Change request""",15:00,,,Phase 7 - Manager Dashboard Enhancements,,
CR07 | Risk Assessment Versioning,None,Andrew Morgan,Closed,100,"""Change request""",15:00,,,Phase 7 - Manager Dashboard Enhancements,,
CR11 | Risk Assessments Autosuggest,None,"Andrew Morgan, Matthew Martin",Closed,100,"""Change request""",03:00,,,Phase 7 - Manager Dashboard Enhancements,,
CR12 | Clone Risk Assessments,None,Andrew Morgan,Closed,100,"""Change request""",03:00,,,Phase 7 - Manager Dashboard Enhancements,,
Remove settings and notifications icons from mobile header visuals as not part of initial build,None,Kurt Scott,Closed,100,,00:00,,,None,,
Change don't have a peachy account to forgotten password link,None,"Kurt Scott, Kasia Borzecka",Closed,100,,00:00,,,None,,
Remove need to add another zone link,None,"Kurt Scott, Kasia Borzecka",Closed,100,,00:00,,,None,,
Completed by perhaps in wrong context,None,"Kurt Scott, Kasia Borzecka",Closed,100,,00:00,,,None,,
Provide icons for zone selection,None,Kasia Borzecka,Closed,100,,00:00,,,None,,
Provide Logo in SVG format,None,Kasia Borzecka,Closed,100,,00:00,,,None,,
Your Team page,None,Kurt Scott,Closed,100,,00:00,,,None,,
Open invitations for managers to join need to show,None,Kurt Scott,Closed,100,,00:00,,,None,,
Managers need a way to set or regenerate the 4-digit team code.,None,Kurt Scott,Closed,100,,00:00,,,None,,
"Ideally, the search box and results should be treated as a single connected component.  Otherwise, it requires awkward hacks to pass data into the main component.",None,Kurt Scott,Closed,100,,00:00,,,None,,
"Unclear what the ""Sort By"" UI should look like—missing component design for select boxes?",None,Kurt Scott,Closed,100,,00:00,,,None,,
Is location required on team members... you are already filtered to that location on the page,None,Kurt Scott,Closed,100,,00:00,,,None,,
Phase 6,None,Paul McAvoy,Closed,100,,00:00,,,None,,
Forgot Password Screen,None,Dmitrijs Smirnovs,Closed,100,,00:00,,,None,,
App Header,None,Dmitrijs Smirnovs,Closed,100,,00:00,,,None,,
Location Selection,None,"Paul McAvoy, Dmitrijs Smirnovs",Closed,100,,00:00,,,None,,
Location Card,None,"Paul McAvoy, Dmitrijs Smirnovs",Closed,100,,00:00,,,None,,
Zone Selection,None,"Paul McAvoy, Dmitrijs Smirnovs",Closed,100,,00:00,,,None,,
Zone Card,None,"Paul McAvoy, Dmitrijs Smirnovs",Closed,100,,00:00,,,None,,
Components,None,Paul McAvoy,Closed,100,,00:00,,,None,,
Notifications,None,Paul McAvoy,Closed,100,,00:00,,,None,,
ActivityIndicator update styles to be more inline with brand,Low,"Paul McAvoy, Dmitrijs Smirnovs",Closed,100,,00:00,,,None,,
Snagging,None,Paul McAvoy,Closed,100,,00:00,,,None,,
Fix keyboard avoiding view on modals,None,Paul McAvoy,Closed,100,,00:00,,,None,,
Fix text issue on buttons,None,Paul McAvoy,Closed,100,,00:00,,,None,,
Can't leave settings screen if you visit without selecting a zone,None,Paul McAvoy,Closed,100,,00:00,,,None,,
Clean up ChecklistDetailsScreen - move Modals into their own component,None,Paul McAvoy,Closed,100,,00:00,,,None,,
Digit input needs refining,None,Paul McAvoy,Closed,100,,00:00,,,None,,
Team Member Select Field,None,Paul McAvoy,Closed,100,,00:00,,,None,,
Remove dots in checklist header,None,Paul McAvoy,Closed,100,,00:00,,,None,,
Improve loading states - I don't want to see empty states before loading has finished,None,Paul McAvoy,Closed,100,,00:00,,,None,,
Fix error messaging on login screen,None,Paul McAvoy,Closed,100,,00:00,,,None,,
"Replace ""Loading"" Text with App splash screen",None,Paul McAvoy,Closed,100,,00:00,,,None,,
Header,None,Paul McAvoy,Closed,100,,00:00,,,None,,
Back button and home button functionality needs work,None,Paul McAvoy,Closed,100,,00:00,,,None,,
Cog/Gear icon is cutting off top and bottom,None,"Paul McAvoy, Dmitrijs Smirnovs",Closed,100,,00:00,,,None,,
Logging out on the Web doesn't show the login form,None,Dmitrijs Smirnovs,Closed,100,,00:00,,,None,,
Fix typescript errors related to FontAwesome,None,"Paul McAvoy, Dmitrijs Smirnovs",Closed,100,,00:00,,,None,,
Android,None,Unassigned User,Closed,100,,00:00,,,None,,
Zone Selection List,None,Andrew Morgan,Closed,100,,00:00,,,Phase 6 - React Native - Implementation,,
Zone Dashboard - Today View,None,Andrew Morgan,Closed,100,,00:00,,,Phase 6 - React Native - Implementation,,
Checklist Feature ,None,Andrew Morgan,Closed,100,,00:00,,,Phase 6 - React Native - Implementation,,
Completing a checklist,None,Andrew Morgan,Closed,100,,00:00,,,Phase 6 - React Native - Implementation,,
Checklist tasks should only be submitted when a staff member can be tied to it.,None,"Andrew Morgan, Paul McAvoy",Closed,100,,00:00,,,Phase 6 - React Native - Implementation,,
Tasks can only be marked back to incomplete before submission,None,"Andrew Morgan, Paul McAvoy",Closed,100,,00:00,,,Phase 6 - React Native - Implementation,,
Checklist View,None,Andrew Morgan,Closed,100,,00:00,,,Phase 6 - React Native - Implementation,,
How do you set a completed task back to pending,None,"Kurt Scott, Paul McAvoy",Closed,100,,00:00,,,Phase 6 - React Native - Implementation,,
Show the full task description,None,"Kurt Scott, Paul McAvoy",Closed,100,,00:00,,,Phase 6 - React Native - Implementation,,
 Issue View,None,Andrew Morgan,Closed,100,,00:00,,,Phase 6 - React Native - Implementation,,
Allow user to upload images as evidence,None,Andrew Morgan,Closed,100,,00:00,,,Phase 6 - React Native - Implementation,,
Prompt the user for a description,None,Andrew Morgan,Closed,100,,00:00,,,Phase 6 - React Native - Implementation,,
Mark the task as skipped via the API once the issue is submitted,None,Andrew Morgan,Closed,100,,00:00,,,Phase 6 - React Native - Implementation,,
Add a new issue,None,Andrew Morgan,Closed,100,,00:00,,,Phase 6 - React Native - Implementation,,
Assign to an existing issue,None,Andrew Morgan,Closed,100,,00:00,,,Phase 6 - React Native - Implementation,,
Audits Interface - Manager Sign off,None,Andrew Morgan,Closed,100,,00:00,,,Phase 6 - React Native - Implementation,,
Online/Offline Features,None,Andrew Morgan,Closed,100,,00:00,,,Phase 6 - React Native - Implementation,,
 Display an offline warning message,None,"Andrew Morgan, Paul McAvoy",Closed,100,,03:00,,,Phase 6 - React Native - Implementation,,
 Enable viewing of checklist tasks offline,None,Andrew Morgan,Closed,100,,06:00,,,Phase 6 - React Native - Implementation,,
 Enable viewing of today’s checklists offline,None,Andrew Morgan,Closed,100,,06:00,,,Phase 6 - React Native - Implementation,,
Checklist submission sync,None,"Andrew Morgan, Paul McAvoy",Closed,100,,00:00,,,Phase 6 - React Native - Implementation,,
Track the  exact time a particular task was marked as complete,None,Andrew Morgan,Closed,100,,00:00,,,Phase 6 - React Native - Implementation,,
Make the create new issue notification to go online more prominent,None,Paul McAvoy,Closed,100,,00:00,,,Phase 6 - React Native - Implementation,,
Onboarding Flow,None,"Andrew Morgan, Paul McAvoy, Matthew Martin",Closed,100,,12:00,,,Phase 7 - Manager Dashboard Enhancements,,
Link out to terms and conditions on the sales site.  User must agree to be able to register.,None,"Andrew Morgan, Paul McAvoy",Closed,100,,00:00,,,Phase 7 - Manager Dashboard Enhancements,,
User is advised of how to download staff app in dashboard and as part of onboarding,None,"Paul McAvoy, Matthew Martin",Closed,100,,00:00,,,Phase 7 - Manager Dashboard Enhancements,,
Dashboard,None,"Paul McAvoy, Dmitrijs Smirnovs",Closed,100,,00:00,,,Phase 5 - Front End Page Templates (Dashboard),,
Add dashboard link above zones / Fix active state,None,"Kurt Scott, Andrew Morgan, Paul McAvoy",Closed,100,,00:00,,,Phase 5 - Front End Page Templates (Dashboard),,
Remove collapsing icon from zone selection,None,"Kurt Scott, Andrew Morgan",Closed,100,,00:00,,,Phase 5 - Front End Page Templates (Dashboard),,
Add a link to scheduled checklists from zone filter,None,"Kurt Scott, Andrew Morgan",Closed,100,,00:00,,,Phase 5 - Front End Page Templates (Dashboard),,
Add zone score to zone stats on dashboard,None,Andrew Morgan,Closed,100,,00:00,,,Phase 5 - Front End Page Templates (Dashboard),,
Edit zone link from main menu,None,"Kurt Scott, Andrew Morgan, Paul McAvoy",Closed,100,,00:00,,,Phase 5 - Front End Page Templates (Dashboard),,
"Change ""Checklists"" on dashboard will now show any overdue checklists alongside upcoming checklists",None,Andrew Morgan,Closed,100,,00:00,,,Phase 5 - Front End Page Templates (Dashboard),,
"Add ""Overdue"" badge for checklists on dashboard that are overdue",High,"Kurt Scott, Dmitrijs Smirnovs",Closed,100,,00:00,,,Phase 5 - Front End Page Templates (Dashboard),,
Add submitted checklists carousel on dashboard,High,Andrew Morgan,Closed,100,,00:00,,,Phase 5 - Front End Page Templates (Dashboard),,
Zone filtering needs to be seperated from main zone selection,None,"Andrew Morgan, Paul McAvoy",Closed,100,,00:00,,,Phase 5 - Front End Page Templates (Dashboard),,
Zone active state should only trigger when in one of the 4 menu links within that zone,None,Andrew Morgan,Closed,100,,00:00,,,Phase 5 - Front End Page Templates (Dashboard),,
Truncate zone name in zone selection slider,None,Dmitrijs Smirnovs,Closed,100,,00:00,,,Phase 5 - Front End Page Templates (Dashboard),,
Add link to zone when zone is active in zone selection button,None,Dmitrijs Smirnovs,Closed,100,,00:00,,,Phase 5 - Front End Page Templates (Dashboard),,
Add arrow on hover of slider to allow mouse users to move the slider,None,Dmitrijs Smirnovs,Closed,100,,00:00,,,Phase 5 - Front End Page Templates (Dashboard),,
Remove redirect to zones if no zone selected.  No longer relevant.,None,Andrew Morgan,Closed,100,,00:00,,,Phase 5 - Front End Page Templates (Dashboard),,
Submitted checklists empty state slightly wider than other sections,None,Dmitrijs Smirnovs,Closed,100,,00:00,,,Phase 5 - Front End Page Templates (Dashboard),,
"Add ""New"" badge for issues",None,"Andrew Morgan, Dmitrijs Smirnovs",Closed,100,,00:00,,,Phase 5 - Front End Page Templates (Dashboard),,
Scheduled Checklists,None,"Paul McAvoy, Dmitrijs Smirnovs",Closed,100,,00:00,,,Phase 5 - Front End Page Templates (Dashboard),,
Add Status message to checklist card,None,"Paul McAvoy, Dmitrijs Smirnovs",Closed,100,,00:00,,,Phase 5 - Front End Page Templates (Dashboard),,
"Every 1 months text should be ""Every month | Every 1st Tuesday""",None,Andrew Morgan,Closed,100,,00:00,,,Phase 5 - Front End Page Templates (Dashboard),,
When saving a checklist schedule... zone is added to the route as a parameter and doesn't need to be.,None,Andrew Morgan,Closed,100,,00:00,,,Phase 5 - Front End Page Templates (Dashboard),,
Add start time and end time,None,Dmitrijs Smirnovs,Closed,100,,00:00,,,Phase 5 - Front End Page Templates (Dashboard),,
Start time for the scheduled checklist instance should be showing on cards,None,Andrew Morgan,Closed,100,,00:00,,,Phase 5 - Front End Page Templates (Dashboard),,
Checklist,None,"Paul McAvoy, Dmitrijs Smirnovs",Closed,100,,00:00,,,Phase 5 - Front End Page Templates (Dashboard),,
Searching to filter down to 0 results should not show the empty state,None,Dmitrijs Smirnovs,Closed,100,,00:00,,,Phase 5 - Front End Page Templates (Dashboard),,
When typing a checklist title slow typing is overwritten with a delay that sets the title back ,None,Andrew Morgan,Closed,100,,00:00,,,Phase 5 - Front End Page Templates (Dashboard),,
Checklists first page should refresh with full first results when adding a task removes one,None,Andrew Morgan,Closed,100,,00:00,,,Phase 5 - Front End Page Templates (Dashboard),,
Risk Assessments,None,"Paul McAvoy, Dmitrijs Smirnovs",Closed,100,,00:00,,,Phase 5 - Front End Page Templates (Dashboard),,
Risk Assessment start date populates the automatically generated scheduled checklist,None,Andrew Morgan,Closed,100,,00:00,,,Phase 5 - Front End Page Templates (Dashboard),,
Risk Assessment card information,None,Dmitrijs Smirnovs,Closed,100,,00:00,,,Phase 5 - Front End Page Templates (Dashboard),,
"Empty state message should hide the filter, sort by and count",None,Dmitrijs Smirnovs,Closed,100,,00:00,,,Phase 5 - Front End Page Templates (Dashboard),,
Quality  Assurance,None,"Paul McAvoy, Dmitrijs Smirnovs",Closed,100,,00:00,,,Phase 5 - Front End Page Templates (Dashboard),,
Sort by and count shouldn't show when there are no QA tasks at all,None,Dmitrijs Smirnovs,Closed,100,,00:00,,,Phase 5 - Front End Page Templates (Dashboard),,
If you do not add a year scheduled date validation should be visible,None,Andrew Morgan,Closed,100,,00:00,,,Phase 5 - Front End Page Templates (Dashboard),,
Issues,None,"Paul McAvoy, Dmitrijs Smirnovs",Closed,100,,00:00,,,Phase 5 - Front End Page Templates (Dashboard),,
Add filtering by zone,None,"Andrew Morgan, Paul McAvoy",Closed,100,,00:00,,,Phase 5 - Front End Page Templates (Dashboard),,
Issues stats,None,Andrew Morgan,Closed,100,,00:00,,,Phase 5 - Front End Page Templates (Dashboard),,
Issues sorting has no effect,High,Andrew Morgan,Closed,100,,00:00,,,Phase 5 - Front End Page Templates (Dashboard),,
Audits,None,"Paul McAvoy, Dmitrijs Smirnovs",Closed,100,,00:00,,,Phase 5 - Front End Page Templates (Dashboard),,
Add filtering by zone,None,Paul McAvoy,Closed,100,,00:00,,,Phase 5 - Front End Page Templates (Dashboard),,
Swap to location switcher header,None,Dmitrijs Smirnovs,Closed,100,,00:00,,,Phase 5 - Front End Page Templates (Dashboard),,
Audit sorting not functional currently,High,Andrew Morgan,Closed,100,,00:00,,,Phase 5 - Front End Page Templates (Dashboard),,
Submitted Checklists,None,"Andrew Morgan, Paul McAvoy, Dmitrijs Smirnovs",Closed,100,,00:00,,,Phase 5 - Front End Page Templates (Dashboard),,
Add filtering by zone,None,Paul McAvoy,Closed,100,,00:00,,,Phase 5 - Front End Page Templates (Dashboard),,
Banner Header,None,Dmitrijs Smirnovs,Closed,100,,00:00,,,Phase 5 - Front End Page Templates (Dashboard),,
Location switcher instead of zone specific header,None,Dmitrijs Smirnovs,Closed,100,,00:00,,,Phase 5 - Front End Page Templates (Dashboard),,
Submitted checklist card,None,Dmitrijs Smirnovs,Closed,100,,00:00,,,Phase 5 - Front End Page Templates (Dashboard),,
Add sorting options,None,Andrew Morgan,Closed,100,,00:00,,,Phase 5 - Front End Page Templates (Dashboard),,
Location Management,None,Paul McAvoy,Closed,100,,00:00,,,Phase 5 - Front End Page Templates (Dashboard),,
CR01 | Location Opening Hours,None,"Andrew Morgan, Paul McAvoy",Closed,100,,00:00,,,Phase 5 - Front End Page Templates (Dashboard),,
Edit member has an authorisation issue,None,"Andrew Morgan, Paul McAvoy",Closed,100,,00:00,,,Phase 5 - Front End Page Templates (Dashboard),,
Remove Edit Zone link in header,None,Paul McAvoy,Closed,100,,00:00,,,Phase 5 - Front End Page Templates (Dashboard),,
Super User,None,"Paul McAvoy, Dmitrijs Smirnovs",Closed,100,,00:00,,,None,,
Company Search,None,"Paul McAvoy, Dmitrijs Smirnovs",Closed,100,,00:00,,,None,,
Location Manager,None,"Paul McAvoy, Dmitrijs Smirnovs",Closed,100,,00:00,,,None,,
List,None,"Paul McAvoy, Dmitrijs Smirnovs",Closed,100,,00:00,,,None,,
Edit,None,"Paul McAvoy, Dmitrijs Smirnovs",Closed,100,,00:00,,,None,,
Create,None,"Paul McAvoy, Dmitrijs Smirnovs",Closed,100,,00:00,,,None,,
Login / Start,None,Unassigned User,Closed,100,,00:00,,,None,,
Logged In,None,Unassigned User,Closed,100,,00:00,,,None,,
Login,None,Unassigned User,Closed,100,,00:00,,,None,,
Components,None,"Paul McAvoy, Dmitrijs Smirnovs",Closed,100,,00:00,,,None,,
Forms,None,Unassigned User,Closed,100,,00:00,,,None,,
Inputs,None,Unassigned User,Closed,100,,00:00,,,None,,
Search Input,None,Unassigned User,Closed,100,,00:00,,,None,,
Header,None,Unassigned User,Closed,100,,00:00,,,None,,
Card (Task Card),None,Unassigned User,Closed,100,,00:00,,,None,,
Checklist,None,Unassigned User,Closed,100,,00:00,,,None,,
Scheduled,None,Unassigned User,Closed,100,,00:00,,,None,,
Risk,None,Unassigned User,Closed,100,,00:00,,,None,,
Issues,None,Unassigned User,Closed,100,,00:00,,,None,,
Audit,None,Unassigned User,Closed,100,,00:00,,,None,,
Task,None,Unassigned User,Closed,100,,00:00,,,None,,
Quality Assurance - Task,None,Unassigned User,Closed,100,,00:00,,,None,,
Risk Assessment - Task,None,Unassigned User,Closed,100,,00:00,,,None,,
Instructional Banner ,None,Unassigned User,Closed,100,,00:00,,,None,,
Buttons,None,Unassigned User,Closed,100,,00:00,,,None,,
Add  Action Button,None,Unassigned User,Closed,100,,00:00,,,None,,
Counter Button,None,Unassigned User,Closed,100,,00:00,,,None,,
Button,None,Unassigned User,Closed,100,,00:00,,,None,,
Stats Button,None,Unassigned User,Closed,100,,00:00,,,None,,
Large Icon Button,None,Unassigned User,Closed,100,,00:00,,,None,,
Sidebar,None,Paul McAvoy,Closed,100,,00:00,,,None,,
Onboarding,None,Paul McAvoy,Closed,100,,00:00,,,None,,
Manual Checklist,None,Unassigned User,Closed,100,,00:00,,,None,,
Rooms 4,None,Unassigned User,Closed,100,,00:00,,,None,,
Rooms 7,None,Unassigned User,Closed,100,,00:00,,,None,,
Rooms 8,None,Unassigned User,Closed,100,,00:00,,,None,,
Rooms 9,None,Unassigned User,Closed,100,,00:00,,,None,,
Rooms 10,None,Unassigned User,Closed,100,,00:00,,,None,,
Rooms 11,None,Unassigned User,Closed,100,,00:00,,,None,,
Rooms 12,None,Unassigned User,Closed,100,,00:00,,,None,,
Rooms 13,None,Unassigned User,Closed,100,,00:00,,,None,,
Rooms 14,None,Unassigned User,Closed,100,,00:00,,,None,,
Rooms 15,None,Unassigned User,Closed,100,,00:00,,,None,,
Inside Flow,None,Unassigned User,Closed,100,,00:00,,,None,,
Scheduled 14,None,Unassigned User,Closed,100,,00:00,,,None,,
Rooms 17,None,Unassigned User,Closed,100,,00:00,,,None,,
Risks 9,None,Unassigned User,Closed,100,,00:00,,,None,,
QA 4,None,Unassigned User,Closed,100,,00:00,,,None,,
New Risk Flow 4,None,Unassigned User,Closed,100,,00:00,,,None,,
001 - Location Opening Hours,None,Craig McCreath,Closed,100,,00:00,,,None,,
003 - Automatic Risk Checklist Creation,None,Craig McCreath,Closed,100,,00:00,,,None,,
v1.2 Spec,None,Craig McCreath,Closed,100,,00:00,,,None,,
006 - Control Task Rating,None,Unassigned User,Closed,100,,00:00,,,None,,
v1.3 Spec,None,Unassigned User,Closed,100,,00:00,,,None,,
Authentication,None,Andrew Morgan,Closed,100,,00:00,,,Phase 3 - Peachy API,,
Companies & Users,None,Andrew Morgan,Closed,100,,00:00,,,Phase 3 - Peachy API,,
Locations,None,Andrew Morgan,Closed,100,,00:00,,,Phase 3 - Peachy API,,
Zones,None,Andrew Morgan,Closed,100,,00:00,,,Phase 3 - Peachy API,,
Checklists,None,Andrew Morgan,Closed,100,,00:00,,,Phase 3 - Peachy API,,
Checklist Instances,None,Andrew Morgan,Closed,100,,00:00,,,Phase 3 - Peachy API,,
Training,None,Andrew Morgan,Closed,100,,00:00,,,Phase 3 - Peachy API,,
Audits,None,Andrew Morgan,Closed,100,,00:00,,,Phase 3 - Peachy API,,
Tasks,None,Andrew Morgan,Closed,100,,00:00,,,Phase 3 - Peachy API,,
Issues,None,Andrew Morgan,Closed,100,,00:00,,,Phase 3 - Peachy API,,
Media,None,Andrew Morgan,Closed,100,,00:00,,,Phase 3 - Peachy API,,
Scheduled Checklists,None,Andrew Morgan,Closed,100,,00:00,,,Phase 4 - Manager Dashboard,,
Adding/Editing Checklists,None,Andrew Morgan,Closed,100,,00:00,,,Phase 4 - Manager Dashboard,,
Recurring Checklists,None,Andrew Morgan,Closed,100,,00:00,,,Phase 4 - Manager Dashboard,,
Ad-Hoc Checklists,None,Andrew Morgan,Closed,100,,00:00,,,Phase 4 - Manager Dashboard,,
Add quality assurance task,None,Andrew Morgan,Closed,100,,00:00,,,Phase 4 - Manager Dashboard,,
Add Risk Assessment,None,Andrew Morgan,Closed,100,,00:00,,,Phase 4 - Manager Dashboard,,
Risk Assessment filter,None,Andrew Morgan,Closed,100,,00:00,,,Phase 4 - Manager Dashboard,,
Email Notifications,None,Andrew Morgan,Closed,100,,00:00,,,Phase 5 - Front End Page Templates (Dashboard),,
User code has changed,None,Andrew Morgan,Closed,100,,00:00,,,Phase 5 - Front End Page Templates (Dashboard),,
 Subscription confirmations,None,Andrew Morgan,Closed,100,,00:00,,,Phase 5 - Front End Page Templates (Dashboard),,
 Email verification,None,Andrew Morgan,Closed,100,,00:00,,,Phase 5 - Front End Page Templates (Dashboard),,
 Forgot password,None,Andrew Morgan,Closed,100,,00:00,,,Phase 5 - Front End Page Templates (Dashboard),,
 Risk assessment renewal reminder,None,Andrew Morgan,Closed,100,,00:00,,,Phase 5 - Front End Page Templates (Dashboard),,
 Issue raised notification,None,Andrew Morgan,Closed,100,,00:00,,,Phase 5 - Front End Page Templates (Dashboard),,
 Daily summary (issues & missed checklists),None,Andrew Morgan,Closed,100,,00:00,,,Phase 5 - Front End Page Templates (Dashboard),,
 Weekly summary (full reports),None,Andrew Morgan,Closed,100,,00:00,,,Phase 5 - Front End Page Templates (Dashboard),,
Expo setup,None,"Andrew Morgan, Paul McAvoy",Closed,100,,00:00,,,Phase 5 - React Native - Setup & Core Development,,
Setup & Core Development,None,"Andrew Morgan, Paul McAvoy",Closed,100,,00:00,,,Phase 5 - React Native - Setup & Core Development,,
 Create navigation flow for the app,None,"Andrew Morgan, Paul McAvoy",Closed,100,,00:00,,,Phase 5 - React Native - Setup & Core Development,,
Location Selection,None,"Andrew Morgan, Paul McAvoy",Closed,100,,00:00,,,Phase 5 - React Native - Setup & Core Development,,
Zone Selection,None,"Andrew Morgan, Paul McAvoy",Closed,100,,00:00,,,Phase 5 - React Native - Setup & Core Development,,
Login,None,"Andrew Morgan, Paul McAvoy, Dmitrijs Smirnovs",Closed,100,,00:00,,,Phase 5 - React Native - Setup & Core Development,,
Forgotten Password (App version),None,"Andrew Morgan, Dmitrijs Smirnovs",Closed,100,,00:00,,,Phase 5 - React Native - Setup & Core Development,,
Risk Assessment Training,None,"Paul McAvoy, Kasia Borzecka",Closed,100,,00:00,,,Phase 7 - Manager Dashboard Enhancements,,
CR04 | Risk Assessment Sharing,None,"Andrew Morgan, Paul McAvoy, Kasia Borzecka",In Review,0,"""Change request"", ""Design Needed""",00:00,,,Phase 8 - Launch Preparation,,
CR09 | Team Member Stats on Manager Dashboard,None,Paul McAvoy,Closed,100,"""Change request""",00:00,,,Phase 8 - Launch Preparation,,
CR17 | Activate / Deactivate,High,"Andrew Morgan, Matthew Martin",Closed,100,"""Change request""",06:00,,,Phase 8 - Launch Preparation,,
CR18 | Multiple Issues Per Checklist Task,High,"Andrew Morgan, Paul McAvoy, Matthew Martin",Closed,100,"""Change request""",10:00,,,Phase 8 - Launch Preparation,,
Multiple issues should be able to be registered on one task,High,"Andrew Morgan, Alex Warner",Closed,100,"""Change request""",00:00,,,Phase 8 - Launch Preparation,,
Show the CardStatusBar in checklists and schedule checklist page only once to users,None,Andrew Morgan,Closed,100,,03:00,,,Phase 8 - Launch Preparation,,
QA Modals should be editable,None,"Paul McAvoy, Andrew Morgan",Closed,100,,00:00,,,Phase 8 - Launch Preparation,,
"changed a ad-hoc task to scheduled, showing in both checklists",None,"Andrew Morgan, Matthew Martin",Closed,100,,00:00,,,Phase 8 - Launch Preparation,,
No filter options on Audit section,None,"Andrew Morgan, Paul McAvoy",Closed,100,,00:00,,,Phase 8 - Launch Preparation,,
Schedule defaulting to sunday on monthly check,None,"Andrew Morgan, Paul McAvoy",Closed,100,,03:00,,,Phase 8 - Launch Preparation,,
Duplicating risk control once editing wording on risk assessment,None,Andrew Morgan,Closed,100,,00:00,,,Phase 8 - Launch Preparation,,
Risk assessment start date wrong,None,"Andrew Morgan, Matthew Martin",Closed,100,,00:00,,,Phase 8 - Launch Preparation,,
Cant delete location without subscription,None,"Andrew Morgan, Paul McAvoy",Closed,100,,02:00,,,Phase 8 - Launch Preparation,,
Last checked on needs implemented within Checklist,None,Andrew Morgan,Closed,100,,02:00,,,Phase 8 - Launch Preparation,,
404 page styling,None,"Andrew Morgan, Paul McAvoy",Closed,100,,04:00,,,Phase 8 - Launch Preparation,,
Click on card,None,Andrew Morgan,Closed,100,,01:00,,,Phase 8 - Launch Preparation,,
Should be red,None,"Paul McAvoy, Andrew Morgan",Closed,100,,00:00,,,Phase 8 - Launch Preparation,,
Wrong colour for issues,None,"Paul McAvoy, Andrew Morgan",Closed,100,,00:00,,,Phase 8 - Launch Preparation,,
Edit member - 403 This action is unauthorized.,None,"Andrew Morgan, Paul McAvoy",Closed,100,,03:00,,,Phase 8 - Launch Preparation,,
Risk assessment review date not showing next review... showing current start date,None,Andrew Morgan,Closed,100,,02:00,,,Phase 8 - Launch Preparation,,
Audit bug ,High,"Andrew Morgan, Paul McAvoy",Closed,100,,05:00,,,Phase 8 - Launch Preparation,,
Checklist order not in time order,None,Paul McAvoy,Closed,100,,02:00,,,Phase 8 - Launch Preparation,,
User code is no longer being pulled into the user card for display,None,Andrew Morgan,Closed,100,,02:00,,,Phase 8 - Launch Preparation,,
Checklist schedule showing wrong number,None,Andrew Morgan,Closed,100,,03:00,,,Phase 8 - Launch Preparation,,
manager unable to manage teams,None,Andrew Morgan,Closed,100,,06:00,,,Phase 8 - Launch Preparation,,
Fix branding on Add Zone page,None,Paul McAvoy,Closed,100,,02:00,,,Phase 8 - Launch Preparation,,
Cant click on a location in the locations tab,None,Andrew Morgan,Closed,100,,00:00,,,Phase 8 - Launch Preparation,,
 Implement two-factor authentication (2FA),None,Andrew Morgan,Closed,100,"""Dev Tasks""",00:00,,,Phase 8 - Launch Preparation,,
Add in staff title,Low,Andrew Morgan,Closed,100,,00:00,,,Phase 8 - Launch Preparation,,
Frequency labels on tasks,None,Andrew Morgan,Closed,100,,00:00,,,Phase 8 - Launch Preparation,,
QA task removal in bulk adding screen... Should this be simpler? ,None,Kurt Scott,Closed,100,,00:00,,,Phase 8 - Launch Preparation,,
What should this error message  be?,Low,"Paul McAvoy, Dmitrijs Smirnovs",Closed,100,,00:00,,,Phase 8 - Launch Preparation,,
Remove Toast Notifications when there is a relevant form field error message,Low,Paul McAvoy,Closed,100,,00:00,,,Phase 8 - Launch Preparation,,
Subscriptions - Kurt to design flow,None,Kurt Scott,Closed,100,,00:00,,,Phase 8 - Launch Preparation,,
Buttons on 2FA need some spacing,None,"Paul McAvoy, Dmitrijs Smirnovs",Closed,100,,00:00,,,Phase 8 - Launch Preparation,,
Saving password logs out without telling the user why.,None,Dmitrijs Smirnovs,Closed,100,,00:00,,,Phase 8 - Launch Preparation,,
Implement Pending Invitation Acceptance,None,"Andrew Morgan, Paul McAvoy",Closed,100,"""Dev Tasks""",00:00,,,Phase 8 - Launch Preparation,,
Audit sorting should be on checklist title and not directly on audit,None,Andrew Morgan,Closed,100,,00:00,,,Phase 8 - Launch Preparation,,
Audit sorting should be oldest scheduled first or newest scheduled first rather than created_at or updated_at,None,Paul McAvoy,Closed,100,,00:00,,,Phase 8 - Launch Preparation,,
Pagination styling,None,Paul McAvoy,Closed,100,,00:00,,,Phase 8 - Launch Preparation,,
Zone active states,None,Paul McAvoy,Closed,100,,00:00,,,Phase 8 - Launch Preparation,,
Spacing and colour left,None,Paul McAvoy,Closed,100,,00:00,,,Phase 8 - Launch Preparation,,
Images on safari bug,None,Paul McAvoy,Closed,100,,00:00,,,Phase 8 - Launch Preparation,,
Recurring checklist overflowing container,None,Paul McAvoy,Closed,100,,00:00,,,Phase 8 - Launch Preparation,,
Missing zone score,None,Andrew Morgan,Closed,100,,00:00,,,Phase 8 - Launch Preparation,,
"Empty state for ""No submitted checklists"" is wider than other boxes",None,Paul McAvoy,Closed,100,,00:00,,,Phase 8 - Launch Preparation,,
Locations dropdown,None,Paul McAvoy,Closed,100,,00:00,,,Phase 8 - Launch Preparation,,
Hover effect on sidebar links,None,Paul McAvoy,Closed,100,,00:00,,,Phase 8 - Launch Preparation,,
Use location icons,None,Paul McAvoy,Closed,100,,00:00,,,Phase 8 - Launch Preparation,,
Error messages need fixed for accessibility,None,"Kurt Scott, Paul McAvoy",Closed,100,"""Design Needed""",00:00,,,Phase 8 - Launch Preparation,,
Handle 550 relay error when triggering reset password email,High,Andrew Morgan,Closed,100,,00:00,,,Phase 8 - Launch Preparation,,
Dropdown icon right,None,Paul McAvoy,Closed,100,,00:00,,,Phase 8 - Launch Preparation,,
Navigation has a slight delay,None,Andrew Morgan,Closed,100,,00:00,,,Phase 8 - Launch Preparation,,
Header image not displaying correctly.,None,"Kurt Scott, Paul McAvoy",Closed,100,,04:00,,,Phase 8 - Launch Preparation,,
Images still not right,None,"Kurt Scott, Paul McAvoy",Closed,100,,04:00,,,Phase 8 - Launch Preparation,,
Deleting a risk is deleting all risks,None,Paul McAvoy,Closed,100,,00:00,,,Phase 8 - Launch Preparation,,
Ad hoc tasks get validated silently,None,Andrew Morgan,Closed,100,,00:00,,,Phase 8 - Launch Preparation,,
"Change the navigation element to ""Manage Team"" rather than ""Manage Location""",None,Paul McAvoy,Closed,100,,00:00,,,Phase 8 - Launch Preparation,,
When a risk is collapsed but has validation this is difficult to see,None,Paul McAvoy,Closed,100,,00:00,,,Phase 8 - Launch Preparation,,
No zone highlighted on dashboard,None,Andrew Morgan,Closed,100,,00:00,,,Phase 8 - Launch Preparation,,
Missing add audit,None,Andrew Morgan,Closed,100,,00:00,,,Phase 8 - Launch Preparation,,
Search not working,None,Andrew Morgan,Closed,100,,00:00,,,Phase 8 - Launch Preparation,,
Left arrow on hover,None,Paul McAvoy,Closed,100,,00:00,,,Phase 8 - Launch Preparation,,
over 2 lines issue,None,Paul McAvoy,Closed,100,,00:00,,,Phase 8 - Launch Preparation,,
Didn't work adding Team,None,Andrew Morgan,Closed,100,,00:00,,,Phase 8 - Launch Preparation,,
width,None,Paul McAvoy,Closed,100,,00:00,,,Phase 8 - Launch Preparation,,
Subscription triggered on wrong location,None,Andrew Morgan,Closed,100,,00:00,,,Phase 8 - Launch Preparation,,
audits,None,Andrew Morgan,Closed,100,,00:00,,,Phase 8 - Launch Preparation,,
Wording change,None,Paul McAvoy,Closed,100,,00:00,,,Phase 8 - Launch Preparation,,
Access Risk Assessment,None,Paul McAvoy,Closed,100,,00:00,,,Phase 8 - Launch Preparation,,
Can we have a fade or transition,None,Kurt Scott,Closed,100,,00:00,,,Phase 8 - Launch Preparation,,
Letter should be allowed,None,Paul McAvoy,Closed,100,,00:00,,,Phase 8 - Launch Preparation,,
Risk title when collapsed,None,Dmitrijs Smirnovs,Closed,100,,00:00,,,Phase 8 - Launch Preparation,,
Style is off on new zone,None,Paul McAvoy,Closed,100,,00:00,,,Phase 8 - Launch Preparation,,
delete should be in here,None,Andrew Morgan,Closed,100,,00:00,,,Phase 8 - Launch Preparation,,
Stop using lorem impslum please,None,Andrew Morgan,Closed,100,,00:00,,,Phase 8 - Launch Preparation,,
Somehow 4 numbers can be added,None,"Paul McAvoy, Dmitrijs Smirnovs",Closed,100,,00:00,,,Phase 8 - Launch Preparation,,
Locations can't be deleted,None,Andrew Morgan,Closed,100,,00:00,,,Phase 8 - Launch Preparation,,
Dashboard Slider Totals,None,Dmitrijs Smirnovs,Closed,100,,00:00,,,Phase 8 - Launch Preparation,,
Can we close these up,None,Paul McAvoy,Closed,100,,00:00,,,Phase 8 - Launch Preparation,,
Date picker,None,Paul McAvoy,Closed,100,,00:00,,,Phase 8 - Launch Preparation,,
can we have a confirm here,None,"Paul McAvoy, Dmitrijs Smirnovs",Closed,100,,00:00,,,Phase 8 - Launch Preparation,,
Probs need daily,None,"Andrew Morgan, Paul McAvoy",Closed,100,,00:00,,,Phase 8 - Launch Preparation,,
Loads of QA's,None,"Andrew Morgan, Paul McAvoy",Closed,100,,00:00,,,Phase 8 - Launch Preparation,,
Image quality,None,"Paul McAvoy, Dmitrijs Smirnovs",Closed,100,,00:00,,,Phase 8 - Launch Preparation,,
Can this bar be sticky,None,"Paul McAvoy, Dmitrijs Smirnovs",Closed,100,,00:00,,,Phase 8 - Launch Preparation,,
Clicking on this should take you to edit,None,Paul McAvoy,Closed,100,,00:00,,,Phase 8 - Launch Preparation,,
Can't do anything here without name,None,"Andrew Morgan, Paul McAvoy",Closed,100,,00:00,,,Phase 8 - Launch Preparation,,
Schedule checklist of risks,None,"Andrew Morgan, Paul McAvoy",Closed,100,,00:00,,,Phase 8 - Launch Preparation,,
Showing incorrect info,None,"Andrew Morgan, Paul McAvoy",Closed,100,,00:00,,,Phase 8 - Launch Preparation,,
Close up,None,Dmitrijs Smirnovs,Closed,100,,00:00,,,Phase 8 - Launch Preparation,,
submitted checks colour,None,Paul McAvoy,Closed,100,,00:00,,,Phase 8 - Launch Preparation,,
Checklist not showing,None,"Andrew Morgan, Paul McAvoy",Closed,100,,00:00,,,Phase 8 - Launch Preparation,,
Clicking save checklist,None,Paul McAvoy,Closed,100,,00:00,,,Phase 8 - Launch Preparation,,
audit can be overdue?,Low,Paul McAvoy,Closed,100,,00:00,,,Phase 8 - Launch Preparation,,
Incomplete fields,None,"Paul McAvoy, Dmitrijs Smirnovs",Closed,100,,00:00,,,Phase 8 - Launch Preparation,,
Sort by on tasks,None,"Andrew Morgan, Paul McAvoy, Dmitrijs Smirnovs",Closed,100,,00:00,,,Phase 8 - Launch Preparation,,
"Set ordering on ""Tasks added"" on edit checklist page",None,"Andrew Morgan, Paul McAvoy",Closed,100,,00:00,,,Phase 8 - Launch Preparation,,
Add in control descriptions while minimised,None,Dmitrijs Smirnovs,Closed,100,,00:00,,,Phase 8 - Launch Preparation,,
Stuck on validation when trying to add control task,None,Dmitrijs Smirnovs,Closed,100,,00:00,,,Phase 8 - Launch Preparation,,
Deleting second QA task leaves the primary collapsed with no way of opening it,None,Dmitrijs Smirnovs,Closed,100,,00:00,,,Phase 8 - Launch Preparation,,
When adding QA tasks the task title should dynamically be added for context,None,Dmitrijs Smirnovs,Closed,100,,00:00,,,Phase 8 - Launch Preparation,,
2FA page accessible for users without 2FA set up,None,Andrew Morgan,Closed,100,,00:00,,,Phase 8 - Launch Preparation,,
Risk Controls are able to be deleted from checklist task screen,None,Paul McAvoy,Closed,100,,00:00,,,Phase 8 - Launch Preparation,,
Card formatting on staff members needing some work,None,Paul McAvoy,Closed,100,,00:00,,,Phase 8 - Launch Preparation,,
Edit location triggering error,None,Andrew Morgan,Closed,100,,05:00,,,Phase 8 - Launch Preparation,,
Adding Risks to an active Risk Assessment triggers invisible validation,None,Paul McAvoy,Closed,100,,00:00,,,Phase 8 - Launch Preparation,,
Issues count behaving oddly before any issues have been raised,None,"Andrew Morgan, Paul McAvoy",Closed,100,,00:00,,,Phase 8 - Launch Preparation,,
Get Userback functional on live and staging environments,None,"Kurt Scott, Andrew Morgan",Closed,100,,00:00,,,Phase 8 - Launch Preparation,,
Scheduled checklists generated by Risk Assessments are not generating their checklist instances correctly,None,Andrew Morgan,Closed,100,,00:00,,,Phase 8 - Launch Preparation,,
Role name aligning poorly,None,Dmitrijs Smirnovs,Closed,100,,00:00,,,Phase 8 - Launch Preparation,,
Unassigned tasks not showing on checklist creator,None,Paul McAvoy,Closed,100,,00:00,,,Phase 8 - Launch Preparation,,
Add who scheduled ad-hoc booking,None,"Andrew Morgan, Paul McAvoy",Closed,100,,00:00,,,Phase 8 - Launch Preparation,,
Issues not showing / Increasing,None,Andrew Morgan,Closed,100,,00:00,,,Phase 8 - Launch Preparation,,
filterZones in issues page is undefined,High,Andrew Morgan,Closed,100,,00:00,,,Phase 8 - Launch Preparation,,
Date within Issue card is erroring,None,"Andrew Morgan, Paul McAvoy",Closed,100,,00:00,,,Phase 8 - Launch Preparation,,
Risks are added even if there is an error in another risk,None,Paul McAvoy,Closed,100,,00:00,,,Phase 8 - Launch Preparation,,
Cannot delete QA tasks,None,"Andrew Morgan, Matthew Martin",Closed,100,,00:00,,,Phase 8 - Launch Preparation,,
User management pagination has issues,None,"Paul McAvoy, Matthew Martin",Closed,100,,00:00,,,Phase 8 - Launch Preparation,,
Set link for help and support from the main menu,None,"Andrew Morgan, Paul McAvoy, Matthew Martin",Closed,100,,00:00,,,Phase 8 - Launch Preparation,,
"made new account, 403 error",None,"Paul McAvoy, Matthew Martin",Closed,100,,00:00,,,Phase 8 - Launch Preparation,,
Ad-hoc check appeared with out me scheduling it,None,"Andrew Morgan, Matthew Martin",Closed,100,,00:00,,,Phase 8 - Launch Preparation,,
Reset Password Error,None,"Andrew Morgan, Matthew Martin",Closed,100,,00:00,,,Phase 8 - Launch Preparation,,
Schedule audits on Roseangle nursery is not showing zone options despite having checklist instances available,None,Andrew Morgan,Closed,100,,00:00,,,Phase 8 - Launch Preparation,,
After risk assessment creation involving ad hoc task... the ad hoc checklist is scheduled for today.,None,"Andrew Morgan, Matthew Martin",Closed,100,,00:00,,,Phase 8 - Launch Preparation,,
Remove start date... assume start date as date of creation,None,Andrew Morgan,Closed,100,,00:00,,,Phase 8 - Launch Preparation,,
Pick your package added to flow ahead of zones,None,Andrew Morgan,Closed,100,,00:00,,,Phase 8 - Launch Preparation,,
Per zone pricing on the standard package... restrict standard from unlimited zones to 5 zones.,None,Andrew Morgan,Closed,100,,00:00,,,Phase 8 - Launch Preparation,,
Next due not showing correct,None,"Andrew Morgan, Matthew Martin",Closed,100,,00:00,,,Phase 8 - Launch Preparation,,
When copying a checklist - You have incomplete fields needing attention before submitting,None,Paul McAvoy,Closed,100,,00:00,,,Phase 8 - Launch Preparation,,
Tried to add a manager to location,None,"Paul McAvoy, Matthew Martin",Closed,100,,00:00,,,Phase 8 - Launch Preparation,,
Update branding on emails,None,Paul McAvoy,Closed,100,,00:00,,,Phase 8 - Launch Preparation,,
Deleted risk assessment - checklist remains there,None,Andrew Morgan,Closed,100,,00:00,,,Phase 8 - Launch Preparation,,
Show who you are signed in as,None,Paul McAvoy,Closed,100,,00:00,,,Phase 8 - Launch Preparation,,
419 Page expired - choosing location on login,None,"Andrew Morgan, Paul McAvoy, Matthew Martin",Closed,100,,00:00,,,Phase 8 - Launch Preparation,,
A title is required for the risk assessment.,None,"Andrew Morgan, Matthew Martin",Closed,100,,00:00,,,Phase 8 - Launch Preparation,,
Email deliverability issue,None,Andrew Morgan,Closed,100,,00:00,,,Phase 8 - Launch Preparation,,
Resolved issues still showing on Dashboard,None,Andrew Morgan,Closed,100,,00:00,,,Phase 8 - Launch Preparation,,
Location Statistics (Insurance in design),None,"Andrew Morgan, Paul McAvoy, Kasia Borzecka, Matthew Martin",Closed,100,,00:00,,,Phase 8 - Launch Preparation,,
Checklist not deleting when risk assessment deleted,None,Andrew Morgan,Closed,100,,00:00,,,Phase 8 - Launch Preparation,,
Default to dynamic for risk control tasks,None,Andrew Morgan,Closed,100,,00:00,,,Phase 8 - Launch Preparation,,
Manage Devices,Low,"Andrew Morgan, Paul McAvoy, Matthew Martin",Closed,100,,00:00,,,Phase 8 - Launch Preparation,,
Defaulting to scheduled when using magic wand,None,Andrew Morgan,Closed,100,,00:00,,,Phase 8 - Launch Preparation,,
Not all risk assessments showing in training,None,Paul McAvoy,Closed,100,,00:00,,,Phase 8 - Launch Preparation,,
Trying to view public sharing link - asking me to sign in,None,"Paul McAvoy, Matthew Martin",Closed,100,,00:00,,,Phase 8 - Launch Preparation,,
All risks in risk training showing same frequency,None,Paul McAvoy,Closed,100,,00:00,,,Phase 8 - Launch Preparation,,
A title is required for this risk assessment,None,Andrew Morgan,Closed,100,,00:00,,,Phase 8 - Launch Preparation,,
Checklist title not updating when risk assessment title updating,None,Andrew Morgan,Closed,100,,00:00,,,Phase 8 - Launch Preparation,,
Changing location while in manage team does not change location,None,Andrew Morgan,Closed,100,,00:00,,,Phase 8 - Launch Preparation,,
Risk suggestion not working,None,"Andrew Morgan, Matthew Martin",Closed,100,,00:00,,,Phase 8 - Launch Preparation,,
identify completed audit from audit tab,None,Andrew Morgan,Closed,100,,00:00,,,Phase 8 - Launch Preparation,,
wrong location showing while in risk training,None,Paul McAvoy,Closed,100,,00:00,,,Phase 8 - Launch Preparation,,
"""All Checklists"" - ad-hoc showing as scheduled",None,Andrew Morgan,Closed,100,,00:00,,,Phase 8 - Launch Preparation,,
Training accuracy showing 100% although wrong answers chosen,None,Paul McAvoy,Closed,100,,00:00,,,Phase 8 - Launch Preparation,,
Server error when resending training link,None,Andrew Morgan,Closed,100,,00:00,,,Phase 8 - Launch Preparation,,
cant view zone after being changed to 1 zone,None,Paul McAvoy,Closed,100,,00:00,,,Phase 8 - Launch Preparation,,
 New User Registration Notifications,None,Paul McAvoy,Closed,100,,00:00,,,Phase 8 - Launch Preparation,,
Submitted today showing old checklists,None,Paul McAvoy,Closed,100,,00:00,,,Phase 8 - Launch Preparation,,
Upcoming today,None,Paul McAvoy,Closed,100,,00:00,,,Phase 8 - Launch Preparation,,
Clicking next training took me to another nursery risk assessment,None,Paul McAvoy,Closed,100,,00:00,,,Phase 8 - Launch Preparation,,
Show completed from previous days on submitted checklist,None,"Andrew Morgan, Paul McAvoy",In Review,0,,00:00,,,Phase 8 - Launch Preparation,,
Change trial period to 14 days,None,Andrew Morgan,Closed,100,,00:00,,,Phase 8 - Launch Preparation,,
Stop automatic audits happening until user has chance to create some checklists,None,Andrew Morgan,Closed,100,,00:00,,,Phase 8 - Launch Preparation,,
Issues to show all submitted checklists they have been featured in,None,Andrew Morgan,Closed,100,,00:00,,,Phase 8 - Launch Preparation,,
Error finishing risk training / blank screen,None,Paul McAvoy,Closed,100,,00:00,,,Phase 8 - Launch Preparation,,
Save button,None,Andrew Morgan,Closed,100,,00:00,,,Phase 8 - Launch Preparation,,
changes to audit,None,Paul McAvoy,Closed,100,,00:00,,,Phase 8 - Launch Preparation,,
adding new location,None,Andrew Morgan,Closed,100,,00:00,,,Phase 8 - Launch Preparation,,
Multiple users on micro plan,None,Andrew Morgan,Closed,100,,00:00,,,Phase 8 - Launch Preparation,,
Email address not fitting in a box,None,Paul McAvoy,Closed,100,,00:00,,,Phase 8 - Launch Preparation,,
Page pagination,None,Paul McAvoy,Closed,100,,00:00,,,Phase 8 - Launch Preparation,,
Link to the website should open in a new tab,None,Andrew Morgan,Closed,100,,00:00,,,Phase 8 - Launch Preparation,,
Icons are not clear,None,Paul McAvoy,Closed,100,,00:00,,,Phase 8 - Launch Preparation,,
"When I click on the save risk assessment, I am taken to the QA step but the onboarding bar isn’t updated",None,Andrew Morgan,Closed,100,,00:00,,,Phase 8 - Launch Preparation,,
Delete on Users doesn't work,None,Andrew Morgan,Closed,100,,00:00,,,Phase 8 - Launch Preparation,,
Overflow on mobile,None,Paul McAvoy,Closed,100,,00:00,,,Phase 8 - Launch Preparation,,
Menu on mobile shouldnt be scrollable,None,Andrew Morgan,Closed,100,,00:00,,,Phase 8 - Launch Preparation,,
Horizontal scroll doesnt work,None,Paul McAvoy,Closed,100,,00:00,,,Phase 8 - Launch Preparation,,
Alignment on Issues,None,Paul McAvoy,Closed,100,,00:00,,,Phase 8 - Launch Preparation,,
issue stats not working,None,Andrew Morgan,In Review,0,,00:00,,,Phase 8 - Launch Preparation,,
audits changing when adding new risk assessments,None,Andrew Morgan,In Review,0,,00:00,,,Phase 8 - Launch Preparation,,
"disabled risk assessment checklists showing on dashboard as ""upcoming""",None,Andrew Morgan,Closed,100,,00:00,,,Phase 8 - Launch Preparation,,
Failed verification message for user joining via invitation,None,Andrew Morgan,In Review,0,,00:00,,,Phase 8 - Launch Preparation,,
Notify superusers on new users registering,None,Andrew Morgan,In Review,0,,00:00,,,Phase 8 - Launch Preparation,,
issue showing wrong name on who raised it,None,Andrew Morgan,In Review,0,,00:00,,,Phase 8 - Launch Preparation,,
Team member is struggling to get her code,None,Andrew Morgan,In Review,0,,00:00,,,Phase 8 - Launch Preparation,,
Audit Dashboard not showing zone name,None,Andrew Morgan,In Review,0,,00:00,,,Phase 8 - Launch Preparation,,
No filter in issues when no issues outstanding,None,Andrew Morgan,In Review,0,,00:00,,,Phase 8 - Launch Preparation,,
wrong name on issue raised,None,Paul McAvoy,Closed,100,,00:00,,,Phase 8 - Launch Preparation,,
submitted checklists showing in alphabetical,None,Andrew Morgan,In Review,0,,00:00,,,Phase 8 - Launch Preparation,,
Auto generated risk + risk controls not suggesting properly,None,Paul McAvoy,To Do,0,,00:00,,,Phase 8 - Launch Preparation,,
 Optimize media for fast loading,None,Andrew Morgan,Closed,100,,06:00,,,Phase 8 - Launch Preparation,,
 Implement image upload and retrieval,None,Andrew Morgan,Closed,100,,00:00,,,Phase 8 - Launch Preparation,,
Configure CDN storage (Amazon S3 / Cloudflare R2),None,Andrew Morgan,Closed,100,,06:00,,,Phase 8 - Launch Preparation,,
If zone or location is invalid... clear and redirect to selection screens,None,Andrew Morgan,Closed,100,,02:00,,,Phase 8 - Launch Preparation,,
If there is only one location then change location should not show in Settings screen,None,Paul McAvoy,Closed,100,,00:00,,,Phase 8 - Launch Preparation,,
Password covered by keyboard when loggin in (App) ,None,Paul McAvoy,Closed,100,,00:00,,,Phase 8 - Launch Preparation,,
Password white when logging in (Cant see block dots youd expect),None,Paul McAvoy,Closed,100,,00:00,,,Phase 8 - Launch Preparation,,
Cant sign off on completed checklists on app ,None,Paul McAvoy,Closed,100,,00:00,,,Phase 8 - Launch Preparation,,
Task Status Inconsistency After Simultaneous Update,None,"Andrew Morgan, Paul McAvoy",Closed,100,,04:00,,,Phase 8 - Launch Preparation,,
App icons and splash screens required,None,"Paul McAvoy, Kasia Borzecka",Closed,100,,00:00,,,Phase 8 - Launch Preparation,,
Error when raising an issue,None,Paul McAvoy,Closed,100,,00:00,,,Phase 8 - Launch Preparation,,
Can't take new photos when raising an issue,None,Paul McAvoy,Closed,100,,00:00,,,Phase 8 - Launch Preparation,,
Today Screen doesn't refresh when navigating back to it,None,Paul McAvoy,Closed,100,,00:00,,,Phase 8 - Launch Preparation,,
Issue with Full Screen Modal height calculation,None,Paul McAvoy,Closed,100,,00:00,,,Phase 8 - Launch Preparation,,
Missed Non-Recurring Tasks Handling (How do we deal with incomplete checklists from previous days?),High,"Andrew Morgan, Paul McAvoy",In Review,0,,00:00,,,Phase 8 - Launch Preparation,,
Auto reload when returning to the app,None,"Paul McAvoy, Matthew Martin",Closed,100,,00:00,,,Phase 8 - Launch Preparation,,
Keyboard Avoiding View is broken on modals,None,Paul McAvoy,Closed,100,,00:00,,,Phase 8 - Launch Preparation,,
Checkbox already looks ticked,None,"Paul McAvoy, Matthew Martin",Closed,100,,00:00,,,Phase 8 - Launch Preparation,,
Overdue status showing before end time of checklist instance,None,"Andrew Morgan, Matthew Martin",Closed,100,,00:00,,,Phase 8 - Launch Preparation,,
Keyboard view gets in the way of staff selection on the code screen,None,"Paul McAvoy, Matthew Martin",Closed,100,,00:00,,,Phase 8 - Launch Preparation,,
Issues not scoping to the location,None,Andrew Morgan,Closed,100,,00:00,,,Phase 8 - Launch Preparation,,
Issues should be scoped to only those raised on the task previously,None,Paul McAvoy,Closed,100,,00:00,,,Phase 8 - Launch Preparation,,
"If the control task in the checklist is quite long, you cant read all of the task.",High,Andrew Morgan,Closed,100,,00:00,,,Phase 8 - Launch Preparation,,
Order of checklists,None,Andrew Morgan,Closed,100,,00:00,,,Phase 8 - Launch Preparation,,
No sign of characters being entered in pin request,High,Andrew Morgan,Closed,100,,00:00,,,Phase 8 - Launch Preparation,,
Make the description overlay an icon rather than activated by clicking card,None,Paul McAvoy,Closed,100,,00:00,,,Phase 8 - Launch Preparation,,
"Checklists shouldn't be able to be started until the ""start time"" of the checklist ",High,Andrew Morgan,Closed,100,,00:00,,,Phase 8 - Launch Preparation,,
Partially completed checklist progress,High,Paul McAvoy,Closed,100,,00:00,,,Phase 8 - Launch Preparation,,
iOS create issues modal needs some work - can't move to upload images while typing in the description field,None,Paul McAvoy,Closed,100,,00:00,,,Phase 8 - Launch Preparation,,
App Store Screenshots,None,Kasia Borzecka,Closed,100,,00:00,,,Phase 8 - Launch Preparation,,
Play Store Screenshots,None,Kasia Borzecka,Closed,100,,00:00,,,Phase 8 - Launch Preparation,,
Overdue Checklists from Previous Days - Dropdown squashed and reloading,None,Paul McAvoy,Closed,100,,00:00,,,Phase 8 - Launch Preparation,,
Audit required text overlapping,None,Paul McAvoy,Closed,100,,00:00,,,Phase 8 - Launch Preparation,,
Completion task overlapping,None,Paul McAvoy,Closed,100,,00:00,,,Phase 8 - Launch Preparation,,
Manager has not been prompted for audit while signed in as Jennifer Martin,None,Andrew Morgan,Closed,100,,00:00,,,Phase 8 - Launch Preparation,,
"Where has ""Walks and outings (Ad-Hoc Tasks)"" come from?  ",None,Andrew Morgan,Closed,100,,00:00,,,Phase 8 - Launch Preparation,,
"""Manager not available"" when doing audit on phone",None,Andrew Morgan,Closed,100,,00:00,,,Phase 8 - Launch Preparation,,
Remove the past due checklists from showing in the app,None,Andrew Morgan,Closed,100,,00:00,,,Phase 8 - Launch Preparation,,
Issue not registering properly,None,Andrew Morgan,Closed,100,,00:00,,,Phase 8 - Launch Preparation,,
"""This title has already been used in the same zone"" when creating an issue on app ",None,Andrew Morgan,In Review,0,,00:00,,,Phase 8 - Launch Preparation,,
Tasks if they are long dont fit,None,"Paul McAvoy, Kasia Borzecka, Matthew Martin",In Review,0,,00:00,,,Phase 8 - Launch Preparation,,
"Rework ""audits"" in app so staff cannot bypass ",None,Unassigned User,To Do,0,,00:00,,,Phase 8 - Launch Preparation,,
Provide the Peachy tutorial video,None,Matthew Martin,In Review,0,,00:00,,,Phase 8 - Launch Preparation,,
Confirm registered office for adding to invoice emails,None,Matthew Martin,Closed,100,,00:00,,,Phase 8 - Launch Preparation,,
Add developers to Stripe account,None,Matthew Martin,Closed,100,,00:00,,,Phase 8 - Launch Preparation,,
Stripe details not showing test mode,None,Matthew Martin,Closed,100,,00:00,,,Phase 8 - Launch Preparation,,
Confirm structure of the manager@example.com sample nursery setup,None,Matthew Martin,Closed,100,,00:00,,,Phase 8 - Launch Preparation,,
When creating Issues in the React Native app... should we be insisting the pin be entered so we can track exactly which staff member or admin was the author of the issue,None,Andrew Morgan,Closed,100,,00:00,,,Phase 8 - Launch Preparation,,
Famly API key,None,Matthew Martin,Closed,100,,00:00,,,Phase 8 - Launch Preparation,,
Move the email notification preferences away from register,None,Matthew Martin,Closed,100,,00:00,,,Phase 8 - Launch Preparation,,
Open API key,None,Matthew Martin,Closed,100,,00:00,,,Phase 8 - Launch Preparation,,
Welcome staff user text,None,"Paul McAvoy, Matthew Martin",Closed,100,,00:00,,,Phase 8 - Launch Preparation,,
Front End,None,Paul McAvoy,Closed,100,,00:00,,,Go Live,,
mtc. footer link,None,Andrew Morgan,Closed,100,,00:00,,,Go Live,,
Style and check all confirmation emails,None,Paul McAvoy,Closed,100,,00:00,,,Go Live,,
Icons,None,Paul McAvoy,Closed,100,,00:00,,,Go Live,,
Development,None,Andrew Morgan,In Review,0,,00:00,,,Go Live,,
Test site forms,None,Andrew Morgan,Closed,100,,00:00,,,Go Live,,
Bot protection for Forms,None,Andrew Morgan,Closed,100,,00:00,,,Go Live,,
Validation on forms working,None,Andrew Morgan,Closed,100,,00:00,,,Go Live,,
Implement 301 redirects,None,Unassigned User,Closed,100,,00:00,,,Go Live,,
Switch Payment Gateway to live,High,"Andrew Morgan, Matthew Martin",In Review,0,,00:00,,,Go Live,,
Transfer Stats Data,None,Unassigned User,Closed,100,,00:00,,,Go Live,,
Set visibility of site,None,Andrew Morgan,Closed,100,,00:00,,,Go Live,,
Public file uploaders restricted by file type,None,Andrew Morgan,Closed,100,,00:00,,,Go Live,,
Passwords encrypted,None,Unassigned User,Closed,100,,00:00,,,Go Live,,
Remove all test data,None,Paul McAvoy,Closed,100,,00:00,,,Go Live,,
Replace all staging / temp URLs with live domain,None,Andrew Morgan,Closed,100,,00:00,,,Go Live,,
Replace http references with https,None,Unassigned User,Closed,100,,00:00,,,Go Live,,
Switch to production mode,None,Andrew Morgan,Closed,100,,00:00,,,Go Live,,
301 redirect to live domain,None,Andrew Morgan,Closed,100,,00:00,,,Go Live,,
Force www as subdomain,None,Unassigned User,Closed,100,,00:00,,,Go Live,,
Track Composer lock file,None,Unassigned User,Closed,100,,00:00,,,Go Live,,
Test Deploy Script,None,Unassigned User,Closed,100,,00:00,,,Go Live,,
Add QR Code to onboarding flow,None,Andrew Morgan,Closed,100,,00:00,,,Go Live,,
Projects,None,Alex Warner,Closed,100,,00:00,,,Go Live,,
Go Live Email From Client,None,Alex Warner,Closed,100,,00:00,,,Go Live,,
Has client been trained on their website,None,Alex Warner,Closed,100,,00:00,,,Go Live,,
Marketing,None,Yasmeen Ali,Closed,100,,00:00,,,Go Live,,
Redirects,None,Unassigned User,Closed,100,,00:00,,,Go Live,,
nofollow / canonical / next & Previous URLs,None,Yasmeen Ali,Closed,100,,00:00,,,Go Live,,
Google Analytics,None,Yasmeen Ali,Closed,100,,00:00,,,Go Live,,
Unique Meta data on each page,None,Yasmeen Ali,Closed,100,,00:00,,,Go Live,,
Home Page meta data does not use default,None,Yasmeen Ali,Closed,100,,00:00,,,Go Live,,
XML sitemap and sanity check,None,Unassigned User,Closed,100,,00:00,,,Go Live,,
Site visibility,None,Yasmeen Ali,Closed,100,,00:00,,,Go Live,,
Validate Search Console,None,Yasmeen Ali,Closed,100,,00:00,,,Go Live,,
Post Launch Checks,None,Alex Warner,In Review,0,,00:00,,,Go Live,,
Update status in Zoho when site is live,None,Alex Warner,To Do,0,,00:00,,,Go Live,,
Site launch email,None,Alex Warner,To Do,0,,00:00,,,Go Live,,
CR15 | Add new QA task while in checklist creator,None,"Paul McAvoy, Matthew Martin",Awaiting Approval,0,"""Change request""",05:00,,,Post Launch Tasks,,
CR16 | Can we add in who created the specific risk & the specific risk controls and when they were added,None,"Paul McAvoy, Matthew Martin",Awaiting Approval,0,"""Change request""",02:00,,,Post Launch Tasks,,
CR19 | Webflow Embed Block for Categories,Medium,"Paul McAvoy, Alex Warner",Backlog,0,"""Change request""",00:00,,,Post Launch Tasks,,
CR20 | Klaviyo Integration,High,Matthew Martin,Awaiting Approval,0,"""Change request""",06:00,,,Post Launch Tasks,,
CR21 | Closure Dates Feature,Low,Matthew Martin,Awaiting Approval,0,"""Change request""",20:00,,,Post Launch Tasks,,
Closure Dates,Low,Andrew Morgan,Closed,100,"""Change request""",05:00,,,Post Launch Tasks,,
CR22 | Access to Archived Zone Data,Low,"Paul McAvoy, Alex Warner",Backlog,0,"""Change request""",00:00,,,Post Launch Tasks,,
Users should be able to access archived data from previously created zones,Low,Andrew Morgan,Closed,100,"""Change request""",00:00,,,Post Launch Tasks,,
CR23 | Per location zone allocation which would override package limit,None,"Paul McAvoy, Alex Warner",Backlog,0,"""Change request""",00:00,,,Post Launch Tasks,,
CR24 | Allow the Standard Plan to Add Extra Zones,High,Matthew Martin,Awaiting Approval,0,"""Change request""",00:00,,,Post Launch Tasks,,
CR25 | iPad & Tablet Support,High,"Paul McAvoy, Matthew Martin",Open,0,"""Change request""",00:00,,,Post Launch Tasks,,
CR26 | Training Statistics,None,Unassigned User,Backlog,0,"""Change request""",08:00,,,Post Launch Tasks,,
Update Sales site when site properly launched,None,Kasia Borzecka,In Review,0,,00:00,,,Post Launch Tasks,,
Convert pre registration form to Book a Demo,None,"Kasia Borzecka, Matthew Martin",In Review,0,,00:00,,,Post Launch Tasks,,
Link to registration on app instead of pre registration from footer,None,Kasia Borzecka,In Review,0,,00:00,,,Post Launch Tasks,,
Change pre register links in header to point to app registration,None,Kasia Borzecka,In Review,0,,00:00,,,Post Launch Tasks,,
Get started link in header needs redirected,None,Kasia Borzecka,In Review,0,,00:00,,,Post Launch Tasks,,
Update pricing table package links,None,Kasia Borzecka,In Review,0,,00:00,,,Post Launch Tasks,,
Update get started banner to point to app registration,None,Kasia Borzecka,In Review,0,,00:00,,,Post Launch Tasks,,
"CR27 | Add ""risk assessment review"" into events filter on dashboard",None,Unassigned User,Backlog,0,"""Change request""",00:00,,,Post Launch Tasks,,
CR28 | Download risk assessments and completed checklists as PDFs,None,Andrew Morgan,In Review,0,"""Change request""",03:00,,,Post Launch Tasks,,
CR29 | Export of current users and companies,None,Unassigned User,Backlog,0,"""Change request""",00:00,,,Post Launch Tasks,,
Training access for team members,None,Unassigned User,To Do,0,"""Change request""",00:00,,,Post Launch Tasks,,
Import Staff,None,Andrew Morgan,In Review,0,,10:00,,,Post Launch Tasks,,
Docker setup,None,Andrew Morgan,Closed,100,,00:00,,,Phase 1 - Scaffold and Skeleton Dashboard,,
Purchase Laravel Spark License,None,"Craig McCreath, Andrew Morgan",Closed,100,,00:00,,,Phase 1 - Scaffold and Skeleton Dashboard,,
Security & Identifiers,None,Andrew Morgan,Closed,100,,00:00,,,Phase 1 - Scaffold and Skeleton Dashboard,,
" Implement secure, non-sequential record identifiers",None,Andrew Morgan,Closed,100,,00:00,,,Phase 1 - Scaffold and Skeleton Dashboard,,
"Implement UUIDs for primary keys (locations, zones, issues, checklists)",None,Andrew Morgan,Closed,100,,00:00,,,Phase 1 - Scaffold and Skeleton Dashboard,,
System Fundamentals,None,Andrew Morgan,Closed,100,,00:00,,,Phase 1 - Scaffold and Skeleton Dashboard,,
" Implement ""soft delete"" functionality",None,Andrew Morgan,Closed,100,,00:00,,,Phase 1 - Scaffold and Skeleton Dashboard,,
" Store checklists, tasks, and issues indefinitely",None,Andrew Morgan,Closed,100,,00:00,,,Phase 1 - Scaffold and Skeleton Dashboard,,
User Management & Roles,None,Andrew Morgan,Closed,100,,00:00,,,Phase 1 - Scaffold and Skeleton Dashboard,,
 Implement Staff role,None,Andrew Morgan,Closed,100,,00:00,,,Phase 1 - Scaffold and Skeleton Dashboard,,
 Enable Super Users to impersonate managers,None,Andrew Morgan,Closed,100,,00:00,,,Phase 1 - Scaffold and Skeleton Dashboard,,
 Implement Manager role,None,Andrew Morgan,Closed,100,,00:00,,,Phase 1 - Scaffold and Skeleton Dashboard,,
 Implement Super User role,None,Andrew Morgan,Closed,100,,00:00,,,Phase 1 - Scaffold and Skeleton Dashboard,,
Subscription Management,None,Andrew Morgan,Closed,100,,00:00,,,Phase 2 - Super User Dashboard,,
Subscription sign up and registration,None,Andrew Morgan,Closed,100,,00:00,,,Phase 2 - Super User Dashboard,,
Add opening times of locations,None,Andrew Morgan,Closed,100,,00:00,,,Phase 2 - Super User Dashboard,,
Manage Teams,None,Andrew Morgan,Closed,100,,00:00,,,Phase 2 - Super User Dashboard,,
List all teams,None,Andrew Morgan,Closed,100,,00:00,,,Phase 2 - Super User Dashboard,,
Grant unrestricted access,None,Andrew Morgan,Closed,100,,00:00,,,Phase 2 - Super User Dashboard,,
Manage Users,None,Andrew Morgan,Closed,100,,00:00,,,Phase 2 - Super User Dashboard,,
Edit a user’s details including Company and Role.,None,Andrew Morgan,Closed,100,,00:00,,,Phase 2 - Super User Dashboard,,
"Company name should be editable under ""Profile Information"" section.",None,Andrew Morgan,Closed,100,,00:00,,,Phase 2 - Super User Dashboard,,
Delete a user.,None,Andrew Morgan,Closed,100,,00:00,,,Phase 2 - Super User Dashboard,,
View and filter (by name / company / email) a list of all users on the system,None,Andrew Morgan,Closed,100,,00:00,,,Phase 2 - Super User Dashboard,,
Zone Management,None,Andrew Morgan,Closed,100,,00:00,,,Phase 2 - Super User Dashboard,,
Zone Selection,None,Andrew Morgan,Closed,100,,00:00,,,Phase 2 - Super User Dashboard,,
User Login & Authentication,None,Andrew Morgan,Closed,100,,00:00,,,Phase 4 - Manager Dashboard,,
 Implement password reset functionality,None,Andrew Morgan,Closed,100,,00:00,,,Phase 4 - Manager Dashboard,,
 Implement email & password login check,None,Andrew Morgan,Closed,100,,00:00,,,Phase 4 - Manager Dashboard,,
User Registration,None,Andrew Morgan,Closed,100,,00:00,,,Phase 4 - Manager Dashboard,,
 Implement email verification requirement before login,None,Andrew Morgan,Closed,100,,00:00,,,Phase 4 - Manager Dashboard,,
 Assign user to a Team based on company name,None,Andrew Morgan,Closed,100,,00:00,,,Phase 4 - Manager Dashboard,,
" Collect user name, company name, email, and password",None,Andrew Morgan,Closed,100,,00:00,,,Phase 4 - Manager Dashboard,,
Manage Dashboard Post-Login Flow,None,Andrew Morgan,Closed,100,,00:00,,,Phase 4 - Manager Dashboard,,
 Redirect to Dashboard if only one location exists,None,Andrew Morgan,Closed,100,,00:00,,,Phase 4 - Manager Dashboard,,
 Handle multi-location selection,None,Andrew Morgan,Closed,100,,00:00,,,Phase 4 - Manager Dashboard,,
 Redirect to previous URL if user was following a link,None,Andrew Morgan,Closed,100,,00:00,,,Phase 4 - Manager Dashboard,,
 Redirect to onboarding if not completed or no active subscription,None,Andrew Morgan,Closed,100,,00:00,,,Phase 4 - Manager Dashboard,,
Dashboard Access & Features,None,Andrew Morgan,Closed,100,,00:00,,,Phase 4 - Manager Dashboard,,
 Create a restricted Super User dashboard,None,Andrew Morgan,Closed,100,,00:00,,,Phase 4 - Manager Dashboard,,
Sidebar,None,Paul McAvoy,Closed,100,,00:00,,,Phase 4 - Manager Dashboard,,
Onboarding,None,"Paul McAvoy, Dmitrijs Smirnovs",Closed,100,,00:00,,,Phase 4 - Manager Dashboard,,

,,,,,,234:00,,,,,
